setup-env	TIMEOUT	TIMEOUT	.cwf/projects/260219-01-pre-release-audit-pass2/iter1/artifacts/skill-smoke-260219-104649/1-setup-env_.log
setup-git-hooks	TIMEOUT	TIMEOUT	.cwf/projects/260219-01-pre-release-audit-pass2/iter1/artifacts/skill-smoke-260219-104649/2-setup-git-hooks_.log
gather	FAIL	WAIT_INPUT	.cwf/projects/260219-01-pre-release-audit-pass2/iter1/artifacts/skill-smoke-260219-104649/3-gather_.log
clarify	TIMEOUT	TIMEOUT	.cwf/projects/260219-01-pre-release-audit-pass2/iter1/artifacts/skill-smoke-260219-104649/4-clarify_.log
plan	TIMEOUT	TIMEOUT	.cwf/projects/260219-01-pre-release-audit-pass2/iter1/artifacts/skill-smoke-260219-104649/5-plan_.log
review	TIMEOUT	TIMEOUT	.cwf/projects/260219-01-pre-release-audit-pass2/iter1/artifacts/skill-smoke-260219-104649/6-review_.log
impl	TIMEOUT	TIMEOUT	.cwf/projects/260219-01-pre-release-audit-pass2/iter1/artifacts/skill-smoke-260219-104649/7-impl_.log
refactor	TIMEOUT	TIMEOUT	.cwf/projects/260219-01-pre-release-audit-pass2/iter1/artifacts/skill-smoke-260219-104649/8-refactor_.log
retro	TIMEOUT	TIMEOUT	.cwf/projects/260219-01-pre-release-audit-pass2/iter1/artifacts/skill-smoke-260219-104649/9-retro_.log
handoff	TIMEOUT	TIMEOUT	.cwf/projects/260219-01-pre-release-audit-pass2/iter1/artifacts/skill-smoke-260219-104649/10-handoff_.log
ship	PASS	OK	.cwf/projects/260219-01-pre-release-audit-pass2/iter1/artifacts/skill-smoke-260219-104649/11-ship_.log
update	TIMEOUT	TIMEOUT	.cwf/projects/260219-01-pre-release-audit-pass2/iter1/artifacts/skill-smoke-260219-104649/12-update_.log
run	TIMEOUT	TIMEOUT	.cwf/projects/260219-01-pre-release-audit-pass2/iter1/artifacts/skill-smoke-260219-104649/13-run_.log
hitl	TIMEOUT	TIMEOUT	.cwf/projects/260219-01-pre-release-audit-pass2/iter1/artifacts/skill-smoke-260219-104649/14-hitl_.log
