setup-env	FAIL	NO_OUTPUT	.cwf/projects/260219-01-pre-release-audit-pass2/iter2/artifacts/skill-smoke-260219-151233-final/1-setup-env_.log
setup-git-hooks	FAIL	NO_OUTPUT	.cwf/projects/260219-01-pre-release-audit-pass2/iter2/artifacts/skill-smoke-260219-151233-final/2-setup-git-hooks_.log
gather	PASS	OK	.cwf/projects/260219-01-pre-release-audit-pass2/iter2/artifacts/skill-smoke-260219-151233-final/3-gather_.log
clarify	TIMEOUT	TIMEOUT	.cwf/projects/260219-01-pre-release-audit-pass2/iter2/artifacts/skill-smoke-260219-151233-final/4-clarify_.log
plan	TIMEOUT	TIMEOUT	.cwf/projects/260219-01-pre-release-audit-pass2/iter2/artifacts/skill-smoke-260219-151233-final/5-plan_.log
review	FAIL	WAIT_INPUT	.cwf/projects/260219-01-pre-release-audit-pass2/iter2/artifacts/skill-smoke-260219-151233-final/6-review_.log
impl	TIMEOUT	TIMEOUT	.cwf/projects/260219-01-pre-release-audit-pass2/iter2/artifacts/skill-smoke-260219-151233-final/7-impl_.log
refactor	TIMEOUT	TIMEOUT	.cwf/projects/260219-01-pre-release-audit-pass2/iter2/artifacts/skill-smoke-260219-151233-final/8-refactor_.log
retro	TIMEOUT	TIMEOUT	.cwf/projects/260219-01-pre-release-audit-pass2/iter2/artifacts/skill-smoke-260219-151233-final/9-retro_.log
handoff	TIMEOUT	TIMEOUT	.cwf/projects/260219-01-pre-release-audit-pass2/iter2/artifacts/skill-smoke-260219-151233-final/10-handoff_.log
ship	PASS	OK	.cwf/projects/260219-01-pre-release-audit-pass2/iter2/artifacts/skill-smoke-260219-151233-final/11-ship_.log
update	PASS	OK	.cwf/projects/260219-01-pre-release-audit-pass2/iter2/artifacts/skill-smoke-260219-151233-final/12-update_.log
run	FAIL	WAIT_INPUT	.cwf/projects/260219-01-pre-release-audit-pass2/iter2/artifacts/skill-smoke-260219-151233-final/13-run_.log
hitl	TIMEOUT	TIMEOUT	.cwf/projects/260219-01-pre-release-audit-pass2/iter2/artifacts/skill-smoke-260219-151233-final/14-hitl_.log
